"","Fecha","Prediccion"
"1",2018-01-01,8
"2",2018-01-02,524
"3",2018-01-03,595
"4",2018-01-04,603
"5",2018-01-05,625
"6",2018-01-06,183
"7",2018-01-07,3
"8",2018-01-08,9
"9",2018-01-09,585
"10",2018-01-10,665
"11",2018-01-11,673
"12",2018-01-12,698
"13",2018-01-13,205
"14",2018-01-14,4
"15",2018-01-15,528
"16",2018-01-16,653
"17",2018-01-17,742
"18",2018-01-18,751
"19",2018-01-19,779
"20",2018-01-20,228
"21",2018-01-21,4
"22",2018-01-22,589
"23",2018-01-23,729
"24",2018-01-24,828
"25",2018-01-25,838
"26",2018-01-26,869
"27",2018-01-27,255
"28",2018-01-28,5
"29",2018-01-29,657
"30",2018-01-30,813
"31",2018-01-31,924
"32",2018-02-01,724
"33",2018-02-02,750
"34",2018-02-03,220
"35",2018-02-04,4
"36",2018-02-05,568
"37",2018-02-06,702
"38",2018-02-07,798
"39",2018-02-08,808
"40",2018-02-09,837
"41",2018-02-10,246
"42",2018-02-11,5
"43",2018-02-12,634
"44",2018-02-13,784
"45",2018-02-14,890
"46",2018-02-15,902
"47",2018-02-16,935
"48",2018-02-17,274
"49",2018-02-18,5
"50",2018-02-19,707
"51",2018-02-20,875
"52",2018-02-21,994
"53",2018-02-22,1006
"54",2018-02-23,1043
"55",2018-02-24,306
"56",2018-02-25,6
"57",2018-02-26,789
"58",2018-02-27,976
"59",2018-02-28,1109
"60",2018-03-01,745
"61",2018-03-02,773
"62",2018-03-03,227
"63",2018-03-04,4
"64",2018-03-05,585
"65",2018-03-06,723
"66",2018-03-07,821
"67",2018-03-08,832
"68",2018-03-09,862
"69",2018-03-10,253
"70",2018-03-11,5
"71",2018-03-12,652
"72",2018-03-13,807
"73",2018-03-14,917
"74",2018-03-15,928
"75",2018-03-16,962
"76",2018-03-17,282
"77",2018-03-18,5
"78",2018-03-19,15
"79",2018-03-20,901
"80",2018-03-21,1023
"81",2018-03-22,1036
"82",2018-03-23,1074
"83",2018-03-24,315
"84",2018-03-25,6
"85",2018-03-26,813
"86",2018-03-27,1005
"87",2018-03-28,1142
"88",2018-03-29,23
"89",2018-03-30,24
"90",2018-03-31,352
"91",2018-04-01,4
"92",2018-04-02,561
"93",2018-04-03,694
"94",2018-04-04,789
"95",2018-04-05,799
"96",2018-04-06,828
"97",2018-04-07,243
"98",2018-04-08,5
"99",2018-04-09,627
"100",2018-04-10,775
"101",2018-04-11,881
"102",2018-04-12,892
"103",2018-04-13,924
"104",2018-04-14,271
"105",2018-04-15,5
"106",2018-04-16,699
"107",2018-04-17,865
"108",2018-04-18,983
"109",2018-04-19,995
"110",2018-04-20,1032
"111",2018-04-21,303
"112",2018-04-22,6
"113",2018-04-23,781
"114",2018-04-24,966
"115",2018-04-25,1097
"116",2018-04-26,1111
"117",2018-04-27,1152
"118",2018-04-28,338
"119",2018-04-29,6
"120",2018-04-30,871
"121",2018-05-01,13
"122",2018-05-02,720
"123",2018-05-03,729
"124",2018-05-04,756
"125",2018-05-05,222
"126",2018-05-06,4
"127",2018-05-07,572
"128",2018-05-08,708
"129",2018-05-09,804
"130",2018-05-10,814
"131",2018-05-11,844
"132",2018-05-12,248
"133",2018-05-13,5
"134",2018-05-14,13
"135",2018-05-15,790
"136",2018-05-16,897
"137",2018-05-17,909
"138",2018-05-18,942
"139",2018-05-19,276
"140",2018-05-20,5
"141",2018-05-21,713
"142",2018-05-22,881
"143",2018-05-23,1001
"144",2018-05-24,1014
"145",2018-05-25,1051
"146",2018-05-26,308
"147",2018-05-27,6
"148",2018-05-28,795
"149",2018-05-29,984
"150",2018-05-30,1118
"151",2018-05-31,1132
"152",2018-06-01,752
"153",2018-06-02,221
"154",2018-06-03,4
"155",2018-06-04,11
"156",2018-06-05,704
"157",2018-06-06,800
"158",2018-06-07,810
"159",2018-06-08,840
"160",2018-06-09,246
"161",2018-06-10,5
"162",2018-06-11,13
"163",2018-06-12,786
"164",2018-06-13,893
"165",2018-06-14,904
"166",2018-06-15,937
"167",2018-06-16,275
"168",2018-06-17,5
"169",2018-06-18,709
"170",2018-06-19,877
"171",2018-06-20,997
"172",2018-06-21,1009
"173",2018-06-22,1046
"174",2018-06-23,307
"175",2018-06-24,6
"176",2018-06-25,792
"177",2018-06-26,979
"178",2018-06-27,1112
"179",2018-06-28,1127
"180",2018-06-29,1168
"181",2018-06-30,343
